"split","label","rmse","rmse_train","time","J","top","lambda","t","t_frac","nzero","k","k_top","kcheck_min_p","kcheck_n_low","blocks_kept","ntrain","ntest","error"
0,"gam.gcv",NA,0.695297506829811,473.694000000003,NA,NA,NA,NA,NA,NA,"80,80",TRUE,0,4,8,34287,0,NA
1,"gam.gcv",0.969350347963936,0.660140162315701,397.755000000005,NA,NA,NA,NA,NA,NA,"80,80",TRUE,0,4,8,23988,10299,NA
2,"gam.gcv",0.942672598799002,0.658575964026093,376.489000000001,NA,NA,NA,NA,NA,NA,"80,80",TRUE,0,4,8,23981,10306,NA
3,"gam.gcv",0.848531852494893,0.664380395397884,382.671999999999,NA,NA,NA,NA,NA,NA,"80,80",TRUE,0,4,8,23920,10367,NA
4,"gam.gcv",0.868148195436906,0.67747957985673,377.125999999997,NA,NA,NA,NA,NA,NA,"80,80",TRUE,0,4,8,23950,10337,NA
5,"gam.gcv",0.914379669005196,0.667538687669249,359.344000000005,NA,NA,NA,NA,NA,NA,"80,80",TRUE,0,4,8,23955,10332,NA
6,"gam.gcv",0.855626188245644,0.682943506019078,381.487999999998,NA,NA,NA,NA,NA,NA,"80,80",TRUE,0,4,8,23973,10314,NA
7,"gam.gcv",0.884438963166207,0.669737497750313,396.703999999998,NA,NA,NA,NA,NA,NA,"80,80",TRUE,0,8,8,24012,10275,NA
8,"gam.gcv",0.88838363198605,0.671571441764405,401.504999999997,NA,NA,NA,NA,NA,NA,"80,80",TRUE,0,4,8,23831,10456,NA
9,"gam.gcv",0.807393482451995,0.690095709072797,427.305999999997,NA,NA,NA,NA,NA,NA,"80,80",TRUE,0,8,8,23925,10362,NA
10,"gam.gcv",0.914699532172953,0.663936351412032,420.756000000001,NA,NA,NA,NA,NA,NA,"80,80",TRUE,0,4,8,24034,10253,NA
11,"gam.gcv",0.931099667157892,0.659279685908141,445.195999999996,NA,NA,NA,NA,NA,NA,"80,80",TRUE,0,4,8,24015,10272,NA
12,"gam.gcv",0.9299204946069,0.671557688844696,430.729999999996,NA,NA,NA,NA,NA,NA,"80,80",TRUE,0,4,8,24015,10272,NA
13,"gam.gcv",0.947939753032204,0.649778894157262,437.339,NA,NA,NA,NA,NA,NA,"80,80",TRUE,0,6,8,23841,10446,NA
14,"gam.gcv",0.927146603622298,0.66986777529355,460.563000000002,NA,NA,NA,NA,NA,NA,"80,80",TRUE,0,4,8,23904,10383,NA
15,"gam.gcv",0.878536818158369,0.669562424020691,442.451999999997,NA,NA,NA,NA,NA,NA,"80,80",TRUE,0,4,8,23948,10339,NA
16,"gam.gcv",0.868565990428706,0.675179555080784,443.570999999996,NA,NA,NA,NA,NA,NA,"80,80",TRUE,0,4,8,23988,10299,NA
17,"gam.gcv",0.841758524821416,0.671698520465327,418.290999999997,NA,NA,NA,NA,NA,NA,"80,80",TRUE,0,4,8,24010,10277,NA
18,"gam.gcv",0.86963448747153,0.666715283245201,432.365000000005,NA,NA,NA,NA,NA,NA,"80,80",TRUE,0,4,8,23989,10298,NA
19,"gam.gcv",0.87272634174739,0.674671666060653,444.101999999999,NA,NA,NA,NA,NA,NA,"80,80",TRUE,0,4,8,24003,10284,NA
20,"gam.gcv",0.877367278137978,0.678086388735169,434.998,NA,NA,NA,NA,NA,NA,"80,80",TRUE,0,4,8,23888,10399,NA
0,"gam.reml",NA,0.69830257303128,27.6130000000048,NA,NA,NA,NA,NA,NA,"80,80",TRUE,0,4,8,34287,0,NA
1,"gam.reml",0.945882670822718,0.665731295882982,25.8969999999972,NA,NA,NA,NA,NA,NA,"80,80",TRUE,0,4,8,23988,10299,NA
2,"gam.reml",0.909752067305713,0.662671339964941,23.0260000000053,NA,NA,NA,NA,NA,NA,"80,80",TRUE,0,4,8,23981,10306,NA
3,"gam.reml",0.838237094227765,0.667686594539438,23.5,NA,NA,NA,NA,NA,NA,"80,80",TRUE,0,4,8,23920,10367,NA
4,"gam.reml",0.845447183503972,0.681505640987591,23.7279999999955,NA,NA,NA,NA,NA,NA,"80,80",TRUE,0,4,8,23950,10337,NA
5,"gam.reml",0.904336624904445,0.671391836982557,23.948000000004,NA,NA,NA,NA,NA,NA,"80,80",TRUE,0,4,8,23955,10332,NA
6,"gam.reml",0.83726300565007,0.684980816734896,22.6630000000005,NA,NA,NA,NA,NA,NA,"80,80",TRUE,0,4,8,23973,10314,NA
7,"gam.reml",0.854382817790706,0.673565481862759,23.1039999999994,NA,NA,NA,NA,NA,NA,"80,80",TRUE,0,7,8,24012,10275,NA
8,"gam.reml",0.869219865100836,0.67559827951565,23.0119999999952,NA,NA,NA,NA,NA,NA,"80,80",TRUE,0,4,8,23831,10456,NA
9,"gam.reml",0.790503136564183,0.695393601895996,22.4859999999971,NA,NA,NA,NA,NA,NA,"80,80",TRUE,0,8,8,23925,10362,NA
10,"gam.reml",0.91319894179041,0.66610654275072,23.038999999997,NA,NA,NA,NA,NA,NA,"80,80",TRUE,0,4,8,24034,10253,NA
11,"gam.reml",0.900229438091149,0.663208866875609,23.2959999999948,NA,NA,NA,NA,NA,NA,"80,80",TRUE,0,4,8,24015,10272,NA
12,"gam.reml",0.910626690850202,0.677020771030284,22.9600000000064,NA,NA,NA,NA,NA,NA,"80,80",TRUE,0,4,8,24015,10272,NA
13,"gam.reml",0.922313258024873,0.655019370244274,23.6989999999932,NA,NA,NA,NA,NA,NA,"80,80",TRUE,0,8,8,23841,10446,NA
14,"gam.reml",0.901050569265806,0.67454484762547,23.3340000000026,NA,NA,NA,NA,NA,NA,"80,80",TRUE,0,4,8,23904,10383,NA
15,"gam.reml",0.857411828222672,0.674497957059511,23.5649999999951,NA,NA,NA,NA,NA,NA,"80,80",TRUE,0,4,8,23948,10339,NA
16,"gam.reml",0.836676793065787,0.679794381222188,23.0349999999962,NA,NA,NA,NA,NA,NA,"80,80",TRUE,0,4,8,23988,10299,NA
17,"gam.reml",0.835964790458579,0.676207193620959,23.8359999999957,NA,NA,NA,NA,NA,NA,"80,80",TRUE,0,4,8,24010,10277,NA
18,"gam.reml",0.849269272818559,0.671528770911694,23.75,NA,NA,NA,NA,NA,NA,"80,80",TRUE,0,4,8,23989,10298,NA
19,"gam.reml",0.842924333015948,0.680293386850169,24.8529999999955,NA,NA,NA,NA,NA,NA,"80,80",TRUE,0,4,8,24003,10284,NA
20,"gam.reml",0.853714209525023,0.683683945903215,23.739999999998,NA,NA,NA,NA,NA,NA,"80,80",TRUE,0,5,8,23888,10399,NA
0,"linear",NA,1.04342102528607,0.0140000000028522,NA,NA,NA,NA,NA,NA,NA,NA,NA,NA,0,34287,0,NA
1,"linear",1.08407746799636,1.02626286277769,0.00899999999819556,NA,NA,NA,NA,NA,NA,NA,NA,NA,NA,0,23988,10299,NA
2,"linear",1.05214970090715,1.04018725054411,0.00900000000547152,NA,NA,NA,NA,NA,NA,NA,NA,NA,NA,0,23981,10306,NA
3,"linear",1.10813315752088,1.01495188014807,0.00899999999819556,NA,NA,NA,NA,NA,NA,NA,NA,NA,NA,0,23920,10367,NA
4,"linear",1.05467991225322,1.03895842772608,0.00999999999476131,NA,NA,NA,NA,NA,NA,NA,NA,NA,NA,0,23950,10337,NA
5,"linear",1.08927789315533,1.02427019495914,0.00900000000547152,NA,NA,NA,NA,NA,NA,NA,NA,NA,NA,0,23955,10332,NA
6,"linear",1.01793800285498,1.05510114146292,0.0100000000020373,NA,NA,NA,NA,NA,NA,NA,NA,NA,NA,0,23973,10314,NA
7,"linear",1.05199083824211,1.04013472653883,0.00899999999819556,NA,NA,NA,NA,NA,NA,NA,NA,NA,NA,0,24012,10275,NA
8,"linear",1.08134889112809,1.02729760209034,0.0100000000020373,NA,NA,NA,NA,NA,NA,NA,NA,NA,NA,0,23831,10456,NA
9,"linear",1.04449619726941,1.04402372310407,0.0100000000020373,NA,NA,NA,NA,NA,NA,NA,NA,NA,NA,0,23925,10362,NA
10,"linear",1.04805920344344,1.04263155219284,0.0100000000020373,NA,NA,NA,NA,NA,NA,NA,NA,NA,NA,0,24034,10253,NA
11,"linear",1.06682857666798,1.033428632037,0.00899999999819556,NA,NA,NA,NA,NA,NA,NA,NA,NA,NA,0,24015,10272,NA
12,"linear",1.06941622822914,1.03268979280017,0.00899999999819556,NA,NA,NA,NA,NA,NA,NA,NA,NA,NA,0,24015,10272,NA
13,"linear",1.06091763889393,1.03735013232392,0.00899999999819556,NA,NA,NA,NA,NA,NA,NA,NA,NA,NA,0,23841,10446,NA
14,"linear",1.06882999968814,1.03291360060583,0.00899999999819556,NA,NA,NA,NA,NA,NA,NA,NA,NA,NA,0,23904,10383,NA
15,"linear",1.07588956832553,1.02991216058513,0.00899999999819556,NA,NA,NA,NA,NA,NA,NA,NA,NA,NA,0,23948,10339,NA
16,"linear",1.0430793917369,1.04408819087399,0.00899999999819556,NA,NA,NA,NA,NA,NA,NA,NA,NA,NA,0,23988,10299,NA
17,"linear",1.04084818977998,1.04577544299182,0.00899999999819556,NA,NA,NA,NA,NA,NA,NA,NA,NA,NA,0,24010,10277,NA
18,"linear",1.07181405495701,1.03358605121909,0.00899999999819556,NA,NA,NA,NA,NA,NA,NA,NA,NA,NA,0,23989,10298,NA
19,"linear",1.03804588982475,1.04706583557632,0.00899999999819556,NA,NA,NA,NA,NA,NA,NA,NA,NA,NA,0,24003,10284,NA
20,"linear",1.01530122088833,1.05668983391366,0.00899999999819556,NA,NA,NA,NA,NA,NA,NA,NA,NA,NA,0,23888,10399,NA
0,"wafc.cv",NA,0.745961904324009,8829.928,4,FALSE,0.000425433787066859,0.0103653385818881,0.00455461539277359,120,NA,NA,NA,NA,8,34287,0,NA
1,"wafc.cv",0.845506636526312,0.728578830391658,7459.053,4,FALSE,0.00093971458693041,0.020672231586382,0.0101682682400102,120,NA,NA,NA,NA,8,23988,10299,NA
2,"wafc.cv",0.788582369862797,0.737276193694857,7004.376,4,FALSE,0.00108792418163751,0.010409921415982,0.00505187917366695,120,NA,NA,NA,NA,8,23981,10306,NA
3,"wafc.cv",0.805571173556161,0.731736377974865,6850.649,4,FALSE,0.000761626124528272,0.00889039930671428,0.00416759215563616,120,NA,NA,NA,NA,8,23920,10367,NA
4,"wafc.cv",0.811695378606432,0.764069624290684,7530.446,3,FALSE,0.000603420276219616,0.0104349124654468,0.00512737141585688,56,NA,NA,NA,NA,8,23950,10337,NA
5,"wafc.cv",0.793665927889719,0.74223059617383,7480.303,4,FALSE,0.00105897563963441,0.0103149730616121,0.00531864638826779,120,NA,NA,NA,NA,8,23955,10332,NA
6,"wafc.cv",0.752743279857538,0.752356803730081,7117.663,4,FALSE,0.000556328016961227,0.0120277948628008,0.00554310808126388,120,NA,NA,NA,NA,8,23973,10314,NA
7,"wafc.cv",0.781470140702033,0.739306048726168,7155.235,4,FALSE,0.000734737226861149,0.0106255167867102,0.00495807395125496,120,NA,NA,NA,NA,8,24012,10275,NA
8,"wafc.cv",0.800592221051654,0.74129138811142,7384.245,4,FALSE,0.001604092297411,0.00789767405605705,0.00430204104947003,120,NA,NA,NA,NA,8,23831,10456,NA
9,"wafc.cv",0.753616442134176,0.752718356584394,6741.049,4,FALSE,0.000628327472752809,0.00787076389861863,0.00366065723668801,120,NA,NA,NA,NA,8,23925,10362,NA
10,"wafc.cv",0.818596276857102,0.730465283542646,7418.386,4,FALSE,0.0011131262784821,0.00845610206684959,0.00419700215733219,120,NA,NA,NA,NA,8,24034,10253,NA
11,"wafc.cv",0.823122315307072,0.729022315343893,7325.251,4,FALSE,0.000865055903443816,0.00581543271258611,0.00276026070351567,120,NA,NA,NA,NA,8,24015,10272,NA
12,"wafc.cv",0.787006981607014,0.737264875748559,7220.331,4,FALSE,0.000920183413209703,0.00797971686503039,0.00368771883245176,120,NA,NA,NA,NA,8,24015,10272,NA
13,"wafc.cv",0.827856780175593,0.72370824095639,7118.09,4,FALSE,0.00119952609876363,0.00963468659724236,0.00474630322180332,120,NA,NA,NA,NA,8,23841,10446,NA
14,"wafc.cv",0.791547297000138,0.737482118799155,7431.749,4,FALSE,0.00073620681175886,0.00831393249485138,0.0039403167611804,120,NA,NA,NA,NA,8,23904,10383,NA
15,"wafc.cv",0.802275052969857,0.733685726819589,7908.961,4,FALSE,0.0008187338002649,0.00806266695572473,0.00375263661641964,120,NA,NA,NA,NA,8,23948,10339,NA
16,"wafc.cv",0.790747043059223,0.737979083093646,6420.361,4,FALSE,0.00100642485911068,0.00965517916546748,0.00461819947727121,120,NA,NA,NA,NA,8,23988,10299,NA
17,"wafc.cv",0.794534108520525,0.734923331919888,7397.647,4,FALSE,0.000900412286859049,0.00956691418735325,0.00452226480285683,120,NA,NA,NA,NA,8,24010,10277,NA
18,"wafc.cv",0.801356315444879,0.734849959571121,7575.50599999999,4,FALSE,0.00115571069879132,0.00935891253192639,0.00463774988446425,120,NA,NA,NA,NA,8,23989,10298,NA
19,"wafc.cv",0.777731688446085,0.74400440395986,7608.79299999999,4,FALSE,0.000648793155465307,0.0104796682309257,0.00465634224673711,120,NA,NA,NA,NA,8,24003,10284,NA
20,"wafc.cv",0.793579248566117,0.74516839348577,7104.427,4,FALSE,0.000639209848148643,0.0111409417296152,0.0048226708496877,120,NA,NA,NA,NA,8,23888,10399,NA
0,"wafc.cv1se",NA,0.745961904324009,8829.932,4,FALSE,0.000425433787066859,0.0215706760168589,0.00947833322016017,120,NA,NA,NA,NA,8,34287,0,NA
1,"wafc.cv1se",0.845506636526312,0.728578830391658,7459.055,4,FALSE,0.00093971458693041,0.0214711487404119,0.0105612400335863,120,NA,NA,NA,NA,8,23988,10299,NA
2,"wafc.cv1se",0.788582369862797,0.737276193694857,7004.376,4,FALSE,0.00108792418163751,0.0225972009905691,0.0109663007534484,120,NA,NA,NA,NA,8,23981,10306,NA
3,"wafc.cv1se",0.828703872476606,0.766804091996055,6850.648,4,FALSE,0.000761626124528272,0.0208921178962337,0.00979369133546249,105,NA,NA,NA,NA,7,23920,10367,NA
4,"wafc.cv1se",0.811695378606432,0.764069624290684,7530.445,3,FALSE,0.000603420276219616,0.0218943421796503,0.010758156777324,56,NA,NA,NA,NA,8,23950,10337,NA
5,"wafc.cv1se",0.793665927889719,0.74223059617383,7480.303,4,FALSE,0.00105897563963441,0.0211969038605703,0.0109296297224515,120,NA,NA,NA,NA,8,23955,10332,NA
6,"wafc.cv1se",0.752743279857538,0.752356803730081,7117.667,4,FALSE,0.000556328016961227,0.0120277948628008,0.00554310808126388,120,NA,NA,NA,NA,8,23973,10314,NA
7,"wafc.cv1se",0.781470140702033,0.739306048726168,7155.185,4,FALSE,0.000734737226861149,0.0242472429643529,0.0113142378055129,120,NA,NA,NA,NA,8,24012,10275,NA
8,"wafc.cv1se",0.814207651127046,0.766684488014455,7384.246,4,FALSE,0.001604092297411,0.0178966715018167,0.00974872030717034,105,NA,NA,NA,NA,7,23831,10456,NA
9,"wafc.cv1se",0.753616442134176,0.752718356584394,6741.047,4,FALSE,0.000628327472752809,0.0187717462934638,0.00873065560084961,120,NA,NA,NA,NA,8,23925,10362,NA
10,"wafc.cv1se",0.818596276857102,0.730465283542646,7418.39,4,FALSE,0.0011131262784821,0.0173185046347499,0.00859566272251639,120,NA,NA,NA,NA,8,24034,10253,NA
11,"wafc.cv1se",0.823122315307072,0.729022315343893,7325.246,4,FALSE,0.000865055903443816,0.0168271733930068,0.00798691821632412,120,NA,NA,NA,NA,8,24015,10272,NA
12,"wafc.cv1se",0.787006981607014,0.737264875748559,7220.33,4,FALSE,0.000920183413209703,0.0176067877997196,0.00813674019344551,120,NA,NA,NA,NA,8,24015,10272,NA
13,"wafc.cv1se",0.827856780175593,0.72370824095639,7118.089,4,FALSE,0.00119952609876363,0.0200392481310104,0.00987186734168953,120,NA,NA,NA,NA,8,23841,10446,NA
14,"wafc.cv1se",0.791547297000138,0.737482118799155,7431.747,4,FALSE,0.00073620681175886,0.0209178329013169,0.00991382689715996,120,NA,NA,NA,NA,8,23904,10383,NA
15,"wafc.cv1se",0.832648949413968,0.764114546918878,7908.964,4,FALSE,0.0008187338002649,0.0185999638556765,0.00865704931286222,105,NA,NA,NA,NA,7,23948,10339,NA
16,"wafc.cv1se",0.790747043059223,0.737979083093646,6420.349,4,FALSE,0.00100642485911068,0.0210457071735009,0.0100664391827222,120,NA,NA,NA,NA,8,23988,10299,NA
17,"wafc.cv1se",0.794534108520525,0.734923331919888,7397.654,4,FALSE,0.000900412286859049,0.0205348298115548,0.00970678071014881,120,NA,NA,NA,NA,8,24010,10277,NA
18,"wafc.cv1se",0.801356315444879,0.734849959571121,7575.511,4,FALSE,0.00115571069879132,0.0197935873903652,0.00980858698269124,120,NA,NA,NA,NA,8,23989,10298,NA
19,"wafc.cv1se",0.777731688446085,0.74400440395986,7608.798,4,FALSE,0.000648793155465307,0.0213874976982468,0.00950292575011625,120,NA,NA,NA,NA,8,24003,10284,NA
20,"wafc.cv1se",0.793579248566117,0.74516839348577,7104.506,4,FALSE,0.000639209848148643,0.0237523489117346,0.0102818741438827,120,NA,NA,NA,NA,8,23888,10399,NA
