"quantity","label","full","median","min","max","partitions"
"season_contrast_one","wafc.cv1se",4.02486279153302,3.72644013602268,3.25602471570732,4.13430081960762,20
"largest_increment_one","wafc.cv1se",319.911764705882,272.676470588235,22.1862745098039,319.911764705882,20
"season_contrast_wind","wafc.cv1se",-0.176999326506498,-0.154096249818285,-0.191559211041369,-0.12755835251017,20
"largest_increment_wind","wafc.cv1se",228.303921568627,227.588235294118,45.0882352941177,342.813725490196,20
"season_contrast_temp","wafc.cv1se",-0.0556384020986826,-0.0489305479675623,-0.0584911040448205,-0.0307764373381504,20
"largest_increment_temp","wafc.cv1se",319.911764705882,205.401960784314,22.1862745098039,342.813725490196,20
"season_contrast_pres","wafc.cv1se",-0.0284005143980767,-0.0212160867468854,-0.0322188492283605,0,20
"largest_increment_pres","wafc.cv1se",182.5,182.5,181.06862745098,228.303921568627,19
"season_contrast_one","wafc.cv",4.02486279153302,3.72644013602268,3.25602471570732,4.13430081960762,20
"largest_increment_one","wafc.cv",319.911764705882,272.676470588235,22.1862745098039,319.911764705882,20
"season_contrast_wind","wafc.cv",-0.176999326506498,-0.154096249818285,-0.191559211041369,-0.12755835251017,20
"largest_increment_wind","wafc.cv",228.303921568627,227.588235294118,45.0882352941177,342.813725490196,20
"season_contrast_temp","wafc.cv",-0.0556384020986826,-0.0489305479675623,-0.0584911040448205,-0.0307764373381504,20
"largest_increment_temp","wafc.cv",319.911764705882,205.401960784314,22.1862745098039,342.813725490196,20
"season_contrast_pres","wafc.cv",-0.0284005143980767,-0.0212160867468854,-0.0322188492283605,-0.0102660271980304,20
"largest_increment_pres","wafc.cv",182.5,182.5,181.06862745098,228.303921568627,20
"season_contrast_one","gam.reml",4.37631580698762,4.4351283583562,4.1468302530434,4.87088637430517,20
"largest_increment_one","gam.reml",142.421568627451,134.549019607843,3.57843137254902,362.852941176471,20
"season_contrast_wind","gam.reml",-0.180057279278808,-0.168020061180807,-0.188876875192824,-0.130366102999998,20
"largest_increment_wind","gam.reml",49.3823529411765,230.450980392157,47.9509803921569,364.28431372549,20
"season_contrast_temp","gam.reml",-0.0623240855845181,-0.059631399087591,-0.0761468469969814,-0.0416979862437822,20
"largest_increment_temp","gam.reml",354.264705882353,337.088235294118,19.3235294117647,355.696078431373,20
"season_contrast_pres","gam.reml",-0.0326177392445902,-0.0377040032669332,-0.0525723572204851,-0.023613840879625,20
"largest_increment_pres","gam.reml",211.127450980392,209.696078431373,27.9117647058824,308.460784313726,20
"season_contrast_one","gam.gcv",4.39923993773992,4.51312508937846,4.19394306898089,4.89982323500006,20
"largest_increment_one","gam.gcv",318.480392156863,248.343137254902,3.57843137254902,347.107843137255,20
"season_contrast_wind","gam.gcv",-0.174581834323175,-0.16310977234943,-0.188811782193642,-0.117461230955103,20
"largest_increment_wind","gam.gcv",231.166666666667,229.019607843137,29.343137254902,357.127450980392,20
"season_contrast_temp","gam.gcv",-0.0623435425446474,-0.0608574312927453,-0.0743347070494377,-0.0435457794713007,20
"largest_increment_temp","gam.gcv",27.9117647058824,296.294117647059,20.7549019607843,355.696078431373,20
"season_contrast_pres","gam.gcv",-0.032930052237831,-0.0386292943413178,-0.0534862047146072,-0.0235308309781661,20
"largest_increment_pres","gam.gcv",211.127450980392,224.725490196078,37.9313725490196,347.107843137255,20
